,Date,total_entry,total_exit,total_profit,p,lots,p&l,slippage,final_profit,Day,final_equity,output
0,2017-01-03 00:00:00,147.15,184.7119961,-37.56199606,73.575,10,-9390.499016,1659.30998,-11049.809,Tue,488950.191,Loss
1,2017-01-04 00:00:00,101.15,79.25,21.9,50.575,10,5475,902,4573,Wed,493523.191,Win
2,2017-01-05 00:00:00,26.8,44.9,-18.1,13.4,10,-4525,358.5,-4883.5,Thu,488639.691,Loss
3,2017-01-10 00:00:00,113.2,103.35,9.85,56.6,10,2462.5,1082.75,1379.75,Tue,490019.441,Win
4,2017-01-11 00:00:00,65.25,66.56199606,-1.311996063,32.625,10,-327.9990158,659.0599803,-987.0589961,Wed,489032.382,Loss
5,2017-01-12 00:00:00,28.15,3.45,24.7,14.075,10,6175,158,6017,Thu,495049.382,Win
6,2017-01-17 00:00:00,139.5,154.0619961,-14.56199606,69.75,10,-3640.499016,1467.80998,-5108.308996,Tue,489941.073,Loss
7,2017-01-18 00:00:00,89.65,100.1619961,-10.51199606,44.825,10,-2627.999016,949.0599803,-3577.058996,Wed,486364.014,Loss
8,2017-01-19 00:00:00,24.2,0.9,23.3,12.1,10,5825,125.5,5699.5,Thu,492063.514,Win
9,2017-01-25 00:00:00,331.6,295.6024533,35.99754668,165.8,6,5399.632002,1881.60736,3518.024642,Wed,495581.5387,Win
10,2017-01-31 00:00:00,376.7,383.9593255,-7.25932546,188.35,5,-907.4156825,1901.648314,-2809.063996,Tue,492772.4747,Loss
11,2017-02-01 00:00:00,370.2,410.4626545,-40.26265451,185.1,5,-5032.831814,1951.656636,-6984.48845,Wed,485787.9862,Loss
12,2017-02-02 00:00:00,44.9,72.9333126,-28.0333126,22.45,10,-7008.328151,589.166563,-7597.494714,Thu,478190.4915,Loss
13,2017-02-07 00:00:00,220.35,210.35,10,110.175,9,2250,1938.15,311.85,Tue,478502.3415,Win
14,2017-02-08 00:00:00,201.2,148.9206571,52.27934292,100.6,9,11762.85216,1575.542957,10187.3092,Wed,488689.6507,Win
15,2017-02-09 00:00:00,56.2,2.4,53.8,28.1,10,13450,293,13157,Thu,501846.6507,Win
16,2017-02-14 00:00:00,147.65,126.2,21.45,73.825,10,5362.5,1369.25,3993.25,Tue,505839.9007,Win
17,2017-02-15 00:00:00,96.3,109.1496011,-12.84960108,48.15,10,-3212.40027,1027.248005,-4239.648275,Wed,501600.2524,Loss
18,2017-02-16 00:00:00,45.7,68.81680964,-23.11680964,22.85,10,-5779.202411,572.5840482,-6351.786459,Thu,495248.466,Loss
19,2017-02-21 00:00:00,139,118.4645372,20.53546285,69.5,10,5133.865712,1287.322686,3846.543027,Tue,499095.009,Win
20,2017-02-22 00:00:00,100.05,82.95,17.1,50.025,10,4275,915,3360,Wed,502455.009,Win
21,2017-02-23 00:00:00,54.95,15.2,39.75,27.475,10,9937.5,350.75,9586.75,Thu,512041.759,Win
22,2017-02-28 00:00:00,142,126.8,15.2,71,10,3800,1344,2456,Tue,514497.759,Win
23,2017-03-01 00:00:00,88.5,67.4,21.1,44.25,10,5275,779.5,4495.5,Wed,518993.259,Win
24,2017-03-02 00:00:00,35.25,47.73489379,-12.48489379,17.625,10,-3121.223447,414.9244689,-3536.147916,Thu,515457.1111,Loss
25,2017-03-07 00:00:00,134.25,127.05,7.2,67.125,10,1800,1306.5,493.5,Tue,515950.6111,Win
26,2017-03-08 00:00:00,94.5,139.4700053,-44.97000528,47.25,10,-11242.50132,1169.850026,-12412.35135,Wed,503538.2597,Loss
27,2017-03-09 00:00:00,48.3,3.8,44.5,24.15,10,11125,260.5,10864.5,Thu,514402.7597,Win
28,2017-03-14 00:00:00,160.2,130.5,29.7,80.1,10,7425,1453.5,5971.5,Tue,520374.2597,Win
29,2017-03-15 00:00:00,99.15,87.65,11.5,49.575,10,2875,934,1941,Wed,522315.2597,Win
30,2017-03-16 00:00:00,35.05,2.05,33,17.525,10,8250,185.5,8064.5,Thu,530379.7597,Win
31,2017-03-21 00:00:00,88,92.75,-4.75,44,10,-1187.5,903.75,-2091.25,Tue,528288.5097,Loss
32,2017-03-22 00:00:00,79.45,57.5,21.95,39.725,10,5487.5,684.75,4802.75,Wed,533091.2597,Win
33,2017-03-23 00:00:00,19,1.2,17.8,9.5,10,4450,101,4349,Thu,537440.2597,Win
34,2017-03-28 00:00:00,113.5,102.1,11.4,56.75,10,2850,1078,1772,Tue,539212.2597,Win
35,2017-03-29 00:00:00,76.15,89.49020289,-13.34020289,38.075,10,-3335.050722,828.2010144,-4163.251737,Wed,535049.008,Loss
36,2017-03-30 00:00:00,27.05,4.25,22.8,13.525,10,5700,156.5,5543.5,Thu,540592.508,Win
37,2017-04-05 00:00:00,91.75,80.05054905,11.69945095,45.875,10,2924.862738,859.0027452,2065.859993,Wed,542658.368,Win
38,2017-04-06 00:00:00,56.65,68.3908525,-11.7408525,28.325,10,-2935.213126,625.2042625,-3560.417388,Thu,539097.9506,Loss
39,2017-04-11 00:00:00,102.15,108.3806998,-6.230699799,51.075,10,-1557.67495,1052.653499,-2610.328449,Tue,536487.6221,Loss
40,2017-04-12 00:00:00,84.1,90.50386638,-6.40386638,42.05,10,-1600.966595,873.0193319,-2473.985927,Wed,534013.6362,Loss
41,2017-04-13 00:00:00,32.95,4.1,28.85,16.475,10,7212.5,185.25,7027.25,Thu,541040.8862,Win
42,2017-04-18 00:00:00,117.15,108.0864699,9.063530066,58.575,10,2265.882516,1126.18235,1139.700167,Tue,542180.5864,Win
43,2017-04-19 00:00:00,106.2,69.7,36.5,53.1,10,9125,879.5,8245.5,Wed,550426.0864,Win
44,2017-04-20 00:00:00,25.35,2.35,23,12.675,10,5750,138.5,5611.5,Thu,556037.5864,Win
45,2017-04-25 00:00:00,120.8,106.5,14.3,60.4,10,3575,1136.5,2438.5,Tue,558476.0864,Win
46,2017-04-26 00:00:00,108.2,83.65,24.55,54.1,10,6137.5,959.25,5178.25,Wed,563654.3364,Win
47,2017-04-27 00:00:00,32.35,52.95105706,-20.60105706,16.175,10,-5150.264264,426.5052853,-5576.769549,Thu,558077.5668,Loss
48,2017-05-02 00:00:00,126.35,146.8997107,-20.54971067,63.175,10,-5137.427666,1366.248553,-6503.67622,Tue,551573.8906,Loss
49,2017-05-03 00:00:00,110.4,75.5,34.9,55.2,10,8725,929.5,7795.5,Wed,559369.3906,Win
50,2017-05-04 00:00:00,30.3,43.91815377,-13.61815377,15.15,10,-3404.538444,371.0907689,-3775.629213,Thu,555593.7614,Loss
51,2017-05-09 00:00:00,136.25,118.35,17.9,68.125,10,4475,1273,3202,Tue,558795.7614,Win
52,2017-05-10 00:00:00,90.65,65.5,25.15,45.325,10,6287.5,780.75,5506.75,Wed,564302.5114,Win
53,2017-05-11 00:00:00,22.55,1.65,20.9,11.275,10,5225,121,5104,Thu,569406.5114,Win
54,2017-05-16 00:00:00,110.55,116.7805318,-6.230531815,55.275,10,-1557.632954,1136.652659,-2694.285613,Tue,566712.2258,Loss
55,2017-05-17 00:00:00,77.75,58.65,19.1,38.875,10,4775,682,4093,Wed,570805.2258,Win
56,2017-05-18 00:00:00,27,1.95,25.05,13.5,10,6262.5,144.75,6117.75,Thu,576922.9758,Win
57,2017-05-23 00:00:00,138.6,135.4201995,3.179800538,69.3,10,794.9501345,1370.100997,-575.1508628,Tue,576347.8249,Loss
58,2017-05-24 00:00:00,98.5,105.2706994,-6.770699404,49.25,10,-1692.674851,1018.853497,-2711.528348,Wed,573636.2966,Loss
59,2017-05-25 00:00:00,28.2,48.4766139,-20.2766139,14.1,10,-5069.153476,383.3830695,-5452.536546,Thu,568183.76,Loss
60,2017-05-30 00:00:00,165.1,146.6,18.5,82.55,10,4625,1558.5,3066.5,Tue,571250.26,Win
61,2017-05-31 00:00:00,117.1,84.75,32.35,58.55,10,8087.5,1009.25,7078.25,Wed,578328.51,Win
62,2017-06-01 00:00:00,44.8,2.55,42.25,22.4,10,10562.5,236.75,10325.75,Thu,588654.26,Win
63,2017-06-06 00:00:00,152.45,144.4,8.05,76.225,10,2012.5,1484.25,528.25,Tue,589182.51,Win
64,2017-06-07 00:00:00,135.15,76.3,58.85,67.575,10,14712.5,1057.25,13655.25,Wed,602837.76,Win
65,2017-06-08 00:00:00,29.5,3.45,26.05,14.75,10,6512.5,164.75,6347.75,Thu,609185.51,Win
66,2017-06-13 00:00:00,120.45,131.35,-10.9,60.225,10,-2725,1259,-3984,Tue,605201.51,Loss
67,2017-06-14 00:00:00,120.15,124.6173815,-4.46738146,60.075,10,-1116.845365,1223.836907,-2340.682272,Wed,602860.8278,Loss
68,2017-06-15 00:00:00,25.2,2.2,23,12.6,10,5750,137,5613,Thu,608473.8278,Win
69,2017-06-20 00:00:00,113.15,94.25,18.9,56.575,10,4725,1037,3688,Tue,612161.8278,Win
70,2017-06-21 00:00:00,68.05,48.5,19.55,34.025,10,4887.5,582.75,4304.75,Wed,616466.5778,Win
71,2017-06-22 00:00:00,19.45,49.21803008,-29.76803008,9.725,10,-7442.00752,343.3401504,-7785.34767,Thu,608681.2301,Loss
72,2017-06-27 00:00:00,172.25,138.2097661,34.04023392,86.125,10,8510.05848,1552.29883,6957.759649,Tue,615638.9897,Win
73,2017-06-28 00:00:00,129.8,82.15,47.65,64.9,10,11912.5,1059.75,10852.75,Wed,626491.7397,Win
74,2017-06-29 00:00:00,51.9,65.90263221,-14.00263221,25.95,10,-3500.658053,589.0131611,-4089.671214,Thu,622402.0685,Loss
75,2017-07-04 00:00:00,138.3,164.1089542,-25.8089542,69.15,10,-6452.238549,1512.044771,-7964.28332,Tue,614437.7852,Loss
76,2017-07-05 00:00:00,89.05,64.55,24.5,44.525,10,6125,768,5357,Wed,619794.7852,Win
77,2017-07-06 00:00:00,34.9,10.25,24.65,17.45,10,6162.5,225.75,5936.75,Thu,625731.5352,Win
78,2017-07-11 00:00:00,112.8,105.3,7.5,56.4,10,1875,1090.5,784.5,Tue,626516.0352,Win
79,2017-07-12 00:00:00,72.4,59.55,12.85,36.2,10,3212.5,659.75,2552.75,Wed,629068.7852,Win
80,2017-07-13 00:00:00,26.8,0.95,25.85,13.4,10,6462.5,138.75,6323.75,Thu,635392.5352,Win
81,2017-07-18 00:00:00,126.85,112.7,14.15,63.425,10,3537.5,1197.75,2339.75,Tue,637732.2852,Win
82,2017-07-19 00:00:00,86.25,77.9,8.35,43.125,10,2087.5,820.75,1266.75,Wed,638999.0352,Win
83,2017-07-20 00:00:00,22,1,21,11,10,5250,115,5135,Thu,644134.0352,Win
84,2017-07-25 00:00:00,123,112.6,10.4,61.5,10,2600,1178,1422,Tue,645556.0352,Win
85,2017-07-26 00:00:00,90.35,102.1,-11.75,45.175,10,-2937.5,962.25,-3899.75,Wed,641656.2852,Loss
86,2017-07-27 00:00:00,43.2,64.31469787,-21.11469787,21.6,10,-5278.674467,537.5734893,-5816.247956,Thu,635840.0373,Loss
87,2017-08-01 00:00:00,249.2,224.85,24.35,124.6,8,4870,1896.2,2973.8,Tue,638813.8373,Win
88,2017-08-02 00:00:00,186.75,165.0843179,21.66568214,93.375,10,5416.420536,1759.171589,3657.248947,Wed,642471.0862,Win
89,2017-08-03 00:00:00,30.5,48.33048211,-17.83048211,15.25,10,-4457.620527,394.1524105,-4851.772938,Thu,637619.3133,Loss
90,2017-08-08 00:00:00,154,140.15,13.85,77,10,3462.5,1470.75,1991.75,Tue,639611.0633,Win
91,2017-08-09 00:00:00,113.55,81.4,32.15,56.775,10,8037.5,974.75,7062.75,Wed,646673.8133,Win
92,2017-08-10 00:00:00,47.55,8.7,38.85,23.775,10,9712.5,281.25,9431.25,Thu,656105.0633,Win
93,2017-08-16 00:00:00,113,102.6326478,10.36735218,56.5,10,2591.838045,1078.163239,1513.674805,Wed,657618.7381,Win
94,2017-08-17 00:00:00,47.25,75.23367483,-27.98367483,23.625,10,-6995.918707,612.4183741,-7608.337081,Thu,650010.401,Loss
95,2017-08-22 00:00:00,227.3,246.7493522,-19.44935222,113.65,8,-3889.870444,1896.197409,-5786.067853,Tue,644224.3331,Loss
96,2017-08-23 00:00:00,137.2,157.3826929,-20.18269292,68.6,10,-5045.67323,1472.913465,-6518.586694,Wed,637705.7464,Loss
97,2017-08-24 00:00:00,43.15,6.6,36.55,21.575,10,9137.5,248.75,8888.75,Thu,646594.4964,Win
98,2017-08-29 00:00:00,189.7,177.1,12.6,94.85,10,3150,1834,1316,Tue,647910.4964,Win
99,2017-08-30 00:00:00,105,87.05,17.95,52.5,10,4487.5,960.25,3527.25,Wed,651437.7464,Win
100,2017-08-31 00:00:00,47.75,17.7,30.05,23.875,10,7512.5,327.25,7185.25,Thu,658622.9964,Win
101,2017-09-05 00:00:00,150.9,129.7,21.2,75.45,10,5300,1403,3897,Tue,662519.9964,Win
102,2017-09-06 00:00:00,89.95,68.15,21.8,44.975,10,5450,790.5,4659.5,Wed,667179.4964,Win
103,2017-09-07 00:00:00,20,2.75,17.25,10,10,4312.5,113.75,4198.75,Thu,671378.2464,Win
104,2017-09-12 00:00:00,124.3,102.15,22.15,62.15,10,5537.5,1132.25,4405.25,Tue,675783.4964,Win
105,2017-09-13 00:00:00,81.1,58.6,22.5,40.55,10,5625,698.5,4926.5,Wed,680709.9964,Win
106,2017-09-14 00:00:00,27.95,9.05,18.9,13.975,10,4725,185,4540,Thu,685249.9964,Win
107,2017-09-19 00:00:00,115.75,109.85,5.9,57.875,10,1475,1128,347,Tue,685596.9964,Win
108,2017-09-20 00:00:00,81.3,70.15,11.15,40.65,10,2787.5,757.25,2030.25,Wed,687627.2464,Win
109,2017-09-21 00:00:00,29.85,2.55,27.3,14.925,10,6825,162,6663,Thu,694290.2464,Win
110,2017-09-26 00:00:00,155.75,163.6775137,-7.927513738,77.875,10,-1981.878435,1597.137569,-3579.016003,Tue,690711.2304,Loss
111,2017-09-27 00:00:00,131.3,128.9124342,2.387565841,65.65,10,596.8914604,1301.062171,-704.1707104,Wed,690007.0597,Loss
112,2017-09-28 00:00:00,52.1,79.16727391,-27.06727391,26.05,10,-6766.818477,656.3363695,-7423.154847,Thu,682583.9049,Loss
113,2017-10-03 00:00:00,237.55,208.25,29.3,118.775,8,5860,1783.2,4076.8,Tue,686660.7049,Win
114,2017-10-04 00:00:00,161.2,99.45,61.75,80.6,10,15437.5,1303.25,14134.25,Wed,700794.9549,Win
115,2017-10-05 00:00:00,32.35,3.95,28.4,16.175,10,7100,181.5,6918.5,Thu,707713.4549,Win
116,2017-10-10 00:00:00,111.5,101.55,9.95,55.75,10,2487.5,1065.25,1422.25,Tue,709135.7049,Win
117,2017-10-11 00:00:00,66.05,77.46751473,-11.41751473,33.025,10,-2854.378683,717.5875737,-3571.966257,Wed,705563.7386,Loss
118,2017-10-12 00:00:00,32.7,63.06959353,-30.36959353,16.35,10,-7592.398383,478.8479677,-8071.246351,Thu,697492.4923,Loss
119,2017-10-17 00:00:00,119.2,133.9689294,-14.7689294,59.6,10,-3692.232349,1265.844647,-4958.076996,Tue,692534.4153,Loss
120,2017-10-18 00:00:00,53.45,8.15,45.3,26.725,10,11325,308,11017,Wed,703551.4153,Win
121,2017-10-24 00:00:00,194.05,185.35,8.7,97.025,10,2175,1897,278,Tue,703829.4153,Win
122,2017-10-25 00:00:00,152.5,137.7648813,14.73511872,76.25,10,3683.779679,1451.324406,2232.455273,Wed,706061.8705,Win
123,2017-10-26 00:00:00,103.85,115.4212781,-11.57127806,51.925,10,-2892.819515,1096.35639,-3989.175906,Thu,702072.6946,Loss
124,2017-10-31 00:00:00,198.15,182.5,15.65,99.075,10,3912.5,1903.25,2009.25,Tue,704081.9446,Win
125,2017-11-01 00:00:00,138.25,96.15,42.1,69.125,10,10525,1172,9353,Wed,713434.9446,Win
126,2017-11-02 00:00:00,39.9,4.45,35.45,19.95,10,8862.5,221.75,8640.75,Thu,722075.6946,Win
127,2017-11-07 00:00:00,223.85,185.2,38.65,111.925,8,7730,1636.2,6093.8,Tue,728169.4946,Win
128,2017-11-08 00:00:00,136.2,196.5398121,-60.33981209,68.1,10,-15084.95302,1663.69906,-16748.65208,Wed,711420.8426,Loss
129,2017-11-09 00:00:00,44.75,5.55,39.2,22.375,10,9800,251.5,9548.5,Thu,720969.3426,Win
130,2017-11-14 00:00:00,180.25,170,10.25,90.125,10,2562.5,1751.25,811.25,Tue,721780.5926,Win
131,2017-11-15 00:00:00,117.4,96.3,21.1,58.7,10,5275,1068.5,4206.5,Wed,725987.0926,Win
132,2017-11-16 00:00:00,33.55,15.65,17.9,16.775,10,4475,246,4229,Thu,730216.0926,Win
133,2017-11-21 00:00:00,148.2,130.4,17.8,74.1,10,4450,1393,3057,Tue,733273.0926,Win
134,2017-11-22 00:00:00,108.8,87.2,21.6,54.4,10,5400,980,4420,Wed,737693.0926,Win
135,2017-11-23 00:00:00,29.75,1.9,27.85,14.875,10,6962.5,158.25,6804.25,Thu,744497.3426,Win
136,2017-11-28 00:00:00,145.55,143.0999124,2.450087575,72.775,10,612.5218938,1443.249562,-830.7276683,Tue,743666.6149,Loss
137,2017-11-29 00:00:00,108.35,78.95,29.4,54.175,10,7350,936.5,6413.5,Wed,750080.1149,Win
138,2017-11-30 00:00:00,47.45,49,-1.55,23.725,10,-387.5,482.25,-869.75,Thu,749210.3649,Loss
139,2017-12-05 00:00:00,211.85,251.5263028,-39.67630285,105.925,9,-8927.168141,2085.193363,-11012.3615,Tue,738198.0034,Loss
140,2017-12-06 00:00:00,148.8,123.2234121,25.57658792,74.4,10,6394.146981,1360.11706,5034.029921,Wed,743232.0333,Win
141,2017-12-07 00:00:00,35.85,2.9,32.95,17.925,10,8237.5,193.75,8043.75,Thu,751275.7833,Win
142,2017-12-12 00:00:00,137.4,132.1,5.3,68.7,10,1325,1347.5,-22.5,Tue,751253.2833,Loss
143,2017-12-13 00:00:00,107.15,149.2673183,-42.11731827,53.575,10,-10529.32957,1282.086591,-11811.41616,Wed,739441.8671,Loss
144,2017-12-14 00:00:00,56.4,17.9,38.5,28.2,10,9625,371.5,9253.5,Thu,748695.3671,Win
145,2017-12-19 00:00:00,178.9,163.65,15.25,89.45,10,3812.5,1712.75,2099.75,Tue,750795.1171,Win
146,2017-12-20 00:00:00,110,82.2,27.8,55,10,6950,961,5989,Wed,756784.1171,Win
147,2017-12-21 00:00:00,33.95,7.15,26.8,16.975,10,6700,205.5,6494.5,Thu,763278.6171,Win
148,2017-12-26 00:00:00,133.85,118.4,15.45,66.925,10,3862.5,1261.25,2601.25,Tue,765879.8671,Win
149,2017-12-27 00:00:00,89.65,103.7974606,-14.14746065,44.825,10,-3536.865162,967.2373032,-4504.102465,Wed,761375.7647,Loss
150,2017-12-28 00:00:00,46.7,7.55,39.15,23.35,10,9787.5,271.25,9516.25,Thu,770892.0147,Win
151,2018-01-02 00:00:00,142.6,130.4,12.2,71.3,10,3050,1365,1685,Tue,772577.0147,Win
152,2018-01-03 00:00:00,80.1,62.75,17.35,40.05,10,4337.5,714.25,3623.25,Wed,776200.2647,Win
153,2018-01-04 00:00:00,24,67.89050187,-43.89050187,12,10,-10972.62547,459.4525094,-11432.07798,Thu,764768.1867,Loss
154,2018-01-09 00:00:00,105.6,95.55,10.05,52.8,10,2512.5,1005.75,1506.75,Tue,766274.9367,Win
155,2018-01-10 00:00:00,76.4,92.06595108,-15.66595108,38.2,10,-3916.487769,842.3297554,-4758.817525,Wed,761516.1192,Loss
156,2018-01-11 00:00:00,18.5,1.1,17.4,9.25,10,4350,98,4252,Thu,765768.1192,Win
157,2018-01-16 00:00:00,119.05,102.4,16.65,59.525,10,4162.5,1107.25,3055.25,Tue,768823.3692,Win
158,2018-01-17 00:00:00,91.7,69.33344233,22.36655767,45.85,10,5591.639418,805.1672116,4786.472206,Wed,773609.8414,Win
159,2018-01-18 00:00:00,48.4,73.19188162,-24.79188162,24.2,10,-6197.970405,607.9594081,-6805.929813,Thu,766803.9116,Loss
160,2018-01-23 00:00:00,245.55,210.9720463,34.57795374,122.775,8,6915.590749,1826.088185,5089.502564,Tue,771893.4141,Win
161,2018-01-24 00:00:00,222.05,216.9857427,5.064257316,111.025,9,1139.457896,1975.660842,-836.202946,Wed,771057.2112,Loss
162,2018-01-25 00:00:00,78.6,102.3607352,-23.76073523,39.3,10,-5940.183807,904.8036761,-6844.987483,Thu,764212.2237,Loss
163,2018-01-30 00:00:00,491.4,423.5,67.9,245.7,4,6790,1829.8,4960.2,Tue,769172.4237,Win
164,2018-01-31 00:00:00,338.25,391.5870122,-53.33701216,169.125,5,-6667.12652,1824.59253,-8491.71905,Wed,760680.7047,Loss
165,2018-02-01 00:00:00,345.45,233.9245411,111.5254589,172.725,5,13940.68236,1448.436353,12492.24601,Thu,773172.9507,Win
166,2018-02-06 00:00:00,570.25,399.4492396,170.8007604,285.125,3,12810.05703,1454.548859,11355.50817,Tue,784528.4588,Win
167,2018-02-07 00:00:00,304.05,297.165504,6.884496048,152.025,6,1032.674407,1803.646512,-770.9721047,Wed,783757.4867,Loss
168,2018-02-08 00:00:00,104.6,101.8277326,2.772267385,52.3,10,693.0668463,1032.138663,-339.0718168,Thu,783418.4149,Loss
169,2018-02-14 00:00:00,199.55,165.45,34.1,99.775,10,8525,1825,6700,Wed,790118.4149,Win
170,2018-02-15 00:00:00,70.1,42.55,27.55,35.05,10,6887.5,563.25,6324.25,Thu,796442.6649,Win
171,2018-02-20 00:00:00,243.8,269.5272854,-25.72728537,121.9,8,-5145.457074,2053.309141,-7198.766216,Tue,789243.8987,Loss
172,2018-02-21 00:00:00,199,155.9,43.1,99.5,10,10775,1774.5,9000.5,Wed,798244.3987,Win
173,2018-02-22 00:00:00,78.6,13.85,64.75,39.3,10,16187.5,462.25,15725.25,Thu,813969.6487,Win
174,2018-02-27 00:00:00,193.25,173.9,19.35,96.625,10,4837.5,1835.75,3001.75,Tue,816971.3987,Win
175,2018-02-28 00:00:00,141.25,116.95,24.3,70.625,10,6075,1291,4784,Wed,821755.3987,Win
176,2018-03-01 00:00:00,51.9,18.45,33.45,25.95,10,8362.5,351.75,8010.75,Thu,829766.1487,Win
177,2018-03-06 00:00:00,241.45,209.444388,32.00561202,120.725,8,6401.122405,1803.577552,4597.544853,Tue,834363.6936,Win
178,2018-03-07 00:00:00,213.4,162.05,51.35,106.7,9,11553.75,1689.525,9864.225,Wed,844227.9186,Win
179,2018-03-08 00:00:00,72.1,91.88270561,-19.78270561,36.05,10,-4945.676401,819.913528,-5765.589929,Thu,838462.3286,Loss
180,2018-03-13 00:00:00,272.7,272.1050106,0.594989443,136.35,7,104.1231526,1906.817537,-1802.694384,Tue,836659.6342,Loss
181,2018-03-14 00:00:00,207.65,194.4321903,13.21780967,103.825,9,2974.007176,1809.369856,1164.63732,Wed,837824.2716,Win
182,2018-03-15 00:00:00,102.15,20.95,81.2,51.075,10,20300,615.5,19684.5,Thu,857508.7716,Win
183,2018-03-20 00:00:00,299.35,230.55,68.8,149.675,6,10320,1589.7,8730.3,Tue,866239.0716,Win
184,2018-03-21 00:00:00,169.75,156.3296213,13.42037872,84.875,10,3355.094679,1630.398106,1724.696573,Wed,867963.7681,Win
185,2018-03-22 00:00:00,62.25,46.4,15.85,31.125,10,3962.5,543.25,3419.25,Thu,871383.0181,Win
186,2018-03-27 00:00:00,404.1,465.4376711,-61.33767109,202.05,4,-6133.767109,1739.075342,-7872.842451,Tue,863510.1757,Loss
187,2018-03-28 00:00:00,356.7,361.35,-4.65,178.35,5,-581.25,1795.125,-2376.375,Wed,861133.8007,Loss
188,2018-04-03 00:00:00,255.55,228.85,26.7,127.775,7,4672.5,1695.4,2977.1,Tue,864110.9007,Win
189,2018-04-05 00:00:00,58.15,59.65,-1.5,29.075,10,-375,589,-964,Thu,863146.9007,Loss
190,2018-04-10 00:00:00,219.3,196.05,23.25,109.65,9,5231.25,1869.075,3362.175,Tue,866509.0757,Win
191,2018-04-11 00:00:00,159.35,118.75,40.6,79.675,10,10150,1390.5,8759.5,Wed,875268.5757,Win
192,2018-04-12 00:00:00,48.3,89.16543186,-40.86543186,24.15,10,-10216.35796,687.3271593,-10903.68512,Thu,864364.8906,Loss
193,2018-04-17 00:00:00,199.65,233.2356158,-33.58561576,99.825,10,-8396.40394,2164.428079,-10560.83202,Tue,853804.0585,Loss
194,2018-04-18 00:00:00,134.9,131.3217443,3.578255657,67.45,10,894.5639143,1331.108722,-436.5448074,Wed,853367.5137,Loss
195,2018-04-19 00:00:00,49.5,2.35,47.15,24.75,10,11787.5,259.25,11528.25,Thu,864895.7637,Win
196,2018-04-24 00:00:00,183.95,153.7,30.25,91.975,10,7562.5,1688.25,5874.25,Tue,870770.0137,Win
197,2018-04-25 00:00:00,121.75,136.6283564,-14.87835638,60.875,10,-3719.589096,1291.891782,-5011.480878,Wed,865758.5329,Loss
198,2018-04-26 00:00:00,43.75,68.426149,-24.676149,21.875,10,-6169.03725,560.880745,-6729.917995,Thu,859028.6149,Loss
199,2018-05-02 00:00:00,96.35,145.1461192,-48.79611923,48.175,10,-12199.02981,1207.480596,-13406.5104,Wed,845622.1045,Loss
200,2018-05-03 00:00:00,33.25,23.35,9.9,16.625,10,2475,283,2192,Thu,847814.1045,Win
201,2018-05-08 00:00:00,150.75,135.65,15.1,75.375,10,3775,1432,2343,Tue,850157.1045,Win
202,2018-05-09 00:00:00,119.55,69.95,49.6,59.775,10,12400,947.5,11452.5,Wed,861609.6045,Win
203,2018-05-10 00:00:00,29.95,1.55,28.4,14.975,10,7100,157.5,6942.5,Thu,868552.1045,Win
204,2018-05-15 00:00:00,194.2,173.0801674,21.11983261,97.1,10,5279.958153,1836.400837,3443.557316,Tue,871995.6618,Win
205,2018-05-16 00:00:00,143.1,187.6484774,-44.54847745,71.55,10,-11137.11936,1653.742387,-12790.86175,Wed,859204.8,Loss
206,2018-05-17 00:00:00,37.6,57.65280996,-20.05280996,18.8,10,-5013.202491,476.2640498,-5489.466541,Thu,853715.3335,Loss
207,2018-05-22 00:00:00,181.7,181.8047756,-0.104775555,90.85,10,-26.19388875,1817.523878,-1843.717767,Tue,851871.6157,Loss
208,2018-05-23 00:00:00,119.95,82.85,37.1,59.975,10,9275,1014,8261,Wed,860132.6157,Win
209,2018-05-24 00:00:00,25.95,62.43432741,-36.48432741,12.975,10,-9121.081853,441.9216371,-9563.00349,Thu,850569.6122,Loss
210,2018-05-29 00:00:00,161.25,177.8857205,-16.63572052,80.625,10,-4158.93013,1695.678603,-5854.608733,Tue,844715.0035,Loss
211,2018-05-30 00:00:00,154.5,153.1584041,1.34159587,77.25,10,335.3989676,1538.292021,-1202.893053,Wed,843512.1104,Loss
212,2018-05-31 00:00:00,81.35,99.226128,-17.876128,40.675,10,-4469.032001,902.88064,-5371.912641,Thu,838140.1978,Loss
213,2018-06-05 00:00:00,307.9,254.2,53.7,153.95,6,8055,1686.3,6368.7,Tue,844508.8978,Win
214,2018-06-06 00:00:00,239.05,151.1,87.95,119.525,8,17590,1560.6,16029.4,Wed,860538.2978,Win
215,2018-06-07 00:00:00,68.35,114.0679645,-45.71796454,34.175,10,-11429.49114,912.0898227,-12341.58096,Thu,848196.7168,Loss
216,2018-06-12 00:00:00,255.4,224.45,30.95,127.7,7,5416.25,1679.475,3736.775,Tue,851933.4918,Win
217,2018-06-13 00:00:00,185.5,152.05,33.45,92.75,10,8362.5,1687.75,6674.75,Wed,858608.2418,Win
218,2018-06-14 00:00:00,84.35,13.75,70.6,42.175,10,17650,490.5,17159.5,Thu,875767.7418,Win
219,2018-06-19 00:00:00,187,175.25,11.75,93.5,10,2937.5,1811.25,1126.25,Tue,876893.9918,Win
220,2018-06-20 00:00:00,123.35,112.7319894,10.61801056,61.675,10,2654.50264,1180.409947,1474.092693,Wed,878368.0845,Win
221,2018-06-21 00:00:00,59.35,3.7,55.65,29.675,10,13912.5,315.25,13597.25,Thu,891965.3345,Win
222,2018-06-26 00:00:00,197.2,171.9789415,25.22105848,98.6,10,6305.264621,1845.894708,4459.369914,Tue,896424.7044,Win
223,2018-06-27 00:00:00,138.1,138.8204679,-0.720467907,69.05,10,-180.1169768,1384.60234,-1564.719316,Wed,894859.9851,Loss
224,2018-06-28 00:00:00,78.7,70.28826622,8.411733783,39.35,10,2102.933446,744.9413311,1357.992115,Thu,896217.9772,Win
225,2018-07-03 00:00:00,207.55,174.4,33.15,103.775,9,7458.75,1718.775,5739.975,Tue,901957.9522,Win
226,2018-07-04 00:00:00,130.75,113.6183291,17.13167088,65.375,10,4282.917719,1221.841646,3061.076074,Wed,905019.0283,Win
227,2018-07-05 00:00:00,58.65,16.05,42.6,29.325,10,10650,373.5,10276.5,Thu,915295.5283,Win
228,2018-07-10 00:00:00,137.65,119.75,17.9,68.825,10,4475,1287,3188,Tue,918483.5283,Win
229,2018-07-11 00:00:00,113.25,125.7485727,-12.49857267,56.625,10,-3124.643167,1194.992863,-4319.636031,Wed,914163.8923,Loss
230,2018-07-12 00:00:00,47.85,10,37.85,23.925,10,9462.5,289.25,9173.25,Thu,923337.1423,Win
231,2018-07-17 00:00:00,142.55,144.2367624,-1.686762424,71.275,10,-421.6906061,1433.933812,-1855.624418,Tue,921481.5179,Loss
232,2018-07-18 00:00:00,129.45,92.84587295,36.60412705,64.725,10,9151.031763,1111.479365,8039.552398,Wed,929521.0703,Win
233,2018-07-19 00:00:00,49.9,38.8,11.1,24.95,10,2775,443.5,2331.5,Thu,931852.5703,Win
234,2018-07-24 00:00:00,175.7,170.6578736,5.042126407,87.85,10,1260.531602,1731.789368,-471.2577662,Tue,931381.3125,Loss
235,2018-07-25 00:00:00,142.5,114.25,28.25,71.25,10,7062.5,1283.75,5778.75,Wed,937160.0625,Win
236,2018-07-26 00:00:00,61,53.5,7.5,30.5,10,1875,572.5,1302.5,Thu,938462.5625,Win
237,2018-07-31 00:00:00,194.55,168.9,25.65,97.275,10,6412.5,1817.25,4595.25,Tue,943057.8125,Win
238,2018-08-01 00:00:00,153.25,159.125773,-5.875772979,76.625,10,-1468.943245,1561.878865,-3030.82211,Wed,940026.9904,Loss
239,2018-08-02 00:00:00,50.7,3.5,47.2,25.35,10,11800,271,11529,Thu,951555.9904,Win
240,2018-08-07 00:00:00,168,146.75,21.25,84,10,5312.5,1573.75,3738.75,Tue,955294.7404,Win
241,2018-08-08 00:00:00,110.65,126.8718013,-16.22180128,55.325,10,-4055.450319,1187.609006,-5243.059326,Wed,950051.6811,Loss
242,2018-08-09 00:00:00,37.25,1.7,35.55,18.625,10,8887.5,194.75,8692.75,Thu,958744.4311,Win
243,2018-08-14 00:00:00,124.5,108.85,15.65,62.25,10,3912.5,1166.75,2745.75,Tue,961490.1811,Win
244,2018-08-16 00:00:00,33.55,70.95464418,-37.40464418,16.775,10,-9351.161044,522.5232209,-9873.684265,Thu,951616.4968,Loss
245,2018-08-21 00:00:00,142.05,114.8,27.25,71.025,10,6812.5,1284.25,5528.25,Tue,957144.7468,Win
246,2018-08-23 00:00:00,29.45,6.7,22.75,14.725,10,5687.5,180.75,5506.75,Thu,962651.4968,Win
247,2018-08-28 00:00:00,156.5,156.65,-0.15,78.25,10,-37.5,1565.75,-1603.25,Tue,961048.2468,Loss
248,2018-08-29 00:00:00,132.55,119.75,12.8,66.275,10,3200,1261.5,1938.5,Wed,962986.7468,Win
249,2018-08-30 00:00:00,52.45,4.5,47.95,26.225,10,11987.5,284.75,11702.75,Thu,974689.4968,Win
250,2018-09-04 00:00:00,167.6,145.1909383,22.40906166,83.8,10,5602.265415,1563.954692,4038.310723,Tue,978727.8075,Win
251,2018-09-05 00:00:00,124.9,136.4300737,-11.5300737,62.45,10,-2882.518424,1306.650368,-4189.168793,Wed,974538.6387,Loss
252,2018-09-06 00:00:00,40.95,13.45,27.5,20.475,10,6875,272,6603,Thu,981141.6387,Win
253,2018-09-11 00:00:00,146.55,105.7699703,40.78002966,73.275,10,10195.00742,1261.599852,8933.407564,Tue,990075.0463,Win
254,2018-09-12 00:00:00,70.5,17.25,53.25,35.25,10,13312.5,438.75,12873.75,Wed,1002948.796,Win
255,2018-09-18 00:00:00,155.85,162.8690625,-7.019062487,77.925,10,-1754.765622,1593.595312,-3348.360934,Tue,999600.4354,Loss
256,2018-09-19 00:00:00,71.85,81.16104657,-9.311046574,35.925,10,-2327.761644,765.0552329,-3092.816876,Wed,996507.6185,Loss
257,2018-09-25 00:00:00,413.05,490.5362461,-77.48624615,206.525,4,-7748.624615,1807.172492,-9555.797107,Tue,986951.8214,Loss
258,2018-09-26 00:00:00,307.7,305.0525959,2.647404113,153.85,6,397.1106169,1838.257788,-1441.147171,Wed,985510.6742,Loss
259,2018-09-27 00:00:00,107.75,131.0146447,-23.2646447,53.875,10,-5816.161175,1193.823223,-7009.984398,Thu,978500.6898,Loss
260,2018-10-03 00:00:00,235.6,325.4585938,-89.85859381,117.8,8,-17971.71876,2244.234375,-20215.95314,Wed,958284.7367,Loss
261,2018-10-04 00:00:00,104.1,157.2778332,-53.17783324,52.05,10,-13294.45831,1306.889166,-14601.34748,Thu,943683.3892,Loss
262,2018-10-09 00:00:00,377.35,332.9,44.45,188.675,5,5556.25,1775.625,3780.625,Tue,947464.0142,Win
263,2018-10-10 00:00:00,241.8,231.3351586,10.46484135,120.9,8,2092.968271,1892.540635,200.4276362,Wed,947664.4418,Win
264,2018-10-11 00:00:00,137.7,15.15,122.55,68.85,10,30637.5,764.25,29873.25,Thu,977537.6918,Win
265,2018-10-16 00:00:00,241.3,198.6,42.7,120.65,8,8540,1759.6,6780.4,Tue,984318.0918,Win
266,2018-10-17 00:00:00,73.9,128.682981,-54.78298102,36.95,10,-13695.74526,1012.914905,-14708.66016,Wed,969609.4317,Loss
267,2018-10-23 00:00:00,351,326.25,24.75,175.5,5,3093.75,1693.125,1400.625,Tue,971010.0567,Win
268,2018-10-24 00:00:00,227.65,281.6074916,-53.95749159,113.825,8,-10791.49832,2037.029966,-12828.52828,Wed,958181.5284,Loss
269,2018-10-25 00:00:00,156.15,49.3,106.85,78.075,10,26712.5,1027.25,25685.25,Thu,983866.7784,Win
270,2018-10-30 00:00:00,322.4,312.6740125,9.725987509,161.2,6,1458.898126,1905.222037,-446.3239112,Tue,983420.4545,Loss
271,2018-10-31 00:00:00,308.85,256.6445418,52.20545824,154.425,6,7830.818735,1696.483625,6134.33511,Wed,989554.7896,Win
272,2018-11-01 00:00:00,98.75,38.7,60.05,49.375,10,15012.5,687.25,14325.25,Thu,1003880.04,Win
273,2018-11-06 00:00:00,53.6,104.8225496,-51.22254957,26.8,10,-12805.63739,792.1127479,-13597.75014,Tue,990282.2894,Loss
274,2018-11-13 00:00:00,250,226.4164658,23.58353418,125,8,4716.706836,1905.665863,2811.040973,Tue,993093.3304,Win
275,2018-11-14 00:00:00,172.7,119.7,53,86.35,10,13250,1462,11788,Wed,1004881.33,Win
276,2018-11-15 00:00:00,71.6,115.7681253,-44.1681253,35.8,10,-11042.03133,936.8406265,-11978.87195,Thu,992902.4585,Loss
277,2018-11-20 00:00:00,267.45,226.85,40.6,133.725,7,7105,1730.05,5374.95,Tue,998277.4085,Win
278,2018-11-21 00:00:00,164.9,158.843754,6.056245988,82.45,10,1514.061497,1618.71877,-104.6572731,Wed,998172.7512,Loss
279,2018-11-22 00:00:00,55.45,88.06990751,-32.61990751,27.725,10,-8154.976878,717.5995376,-8872.576415,Thu,989300.1748,Loss
280,2018-11-27 00:00:00,204.35,255.4813877,-51.1313877,102.175,9,-11504.56223,2069.241245,-13573.80348,Tue,975726.3713,Loss
281,2018-11-28 00:00:00,144.05,104.7,39.35,72.025,10,9837.5,1243.75,8593.75,Wed,984320.1213,Win
282,2018-11-29 00:00:00,55.15,79.71411379,-24.56411379,27.575,10,-6141.028448,674.320569,-6815.349017,Thu,977504.7723,Loss
283,2018-12-04 00:00:00,266.55,225.9,40.65,133.275,7,7113.75,1723.575,5390.175,Tue,982894.9473,Win
284,2018-12-05 00:00:00,183.05,131,52.05,91.525,10,13012.5,1570.25,11442.25,Wed,994337.1973,Win
285,2018-12-06 00:00:00,71.85,89.46657897,-17.61657897,35.925,10,-4404.144742,806.5828948,-5210.727637,Thu,989126.4697,Loss
286,2018-12-11 00:00:00,405.6,302.7801473,102.8198527,202.8,4,10281.98527,1416.760295,8865.224976,Tue,997991.6946,Win
287,2018-12-12 00:00:00,155.8,148.0680017,7.731998312,77.9,10,1932.999578,1519.340008,413.6595696,Wed,998405.3542,Win
288,2018-12-13 00:00:00,71.9,41.85,30.05,35.95,10,7512.5,568.75,6943.75,Thu,1005349.104,Win
289,2018-12-18 00:00:00,206.1,224.2319773,-18.1319773,103.05,9,-4079.694893,1936.493898,-6016.18879,Tue,999332.9154,Loss
290,2018-12-19 00:00:00,157.5,213.1468912,-55.64689119,78.75,10,-13911.7228,1853.234456,-15764.95725,Wed,983567.9582,Loss
291,2018-12-20 00:00:00,74.3,29.2,45.1,37.15,10,11275,517.5,10757.5,Thu,994325.4582,Win
292,2018-12-26 00:00:00,172.95,182.4761833,-9.526183298,86.475,10,-2381.545824,1777.130916,-4158.676741,Wed,990166.7814,Loss
293,2018-12-27 00:00:00,84.2,20.1,64.1,42.1,10,16025,521.5,15503.5,Thu,1005670.281,Win
294,2019-01-01 00:00:00,210.55,188.1292828,22.42071724,105.275,9,5044.661379,1794.056772,3250.604607,Tue,1008920.886,Win
295,2019-01-02 00:00:00,161.35,162.4694925,-1.119492526,80.675,10,-279.8731315,1619.097463,-1898.970594,Wed,1007021.915,Loss
296,2019-01-03 00:00:00,82.5,16.7,65.8,41.25,10,16450,496,15954,Thu,1022975.915,Win
297,2019-01-08 00:00:00,219.75,231.1374628,-11.38746282,109.875,9,-2562.179134,2028.993583,-4591.172717,Tue,1018384.743,Loss
298,2019-01-09 00:00:00,154.05,213.5586032,-59.50860316,77.025,10,-14877.15079,1838.043016,-16715.19381,Wed,1001669.549,Loss
299,2019-01-10 00:00:00,67.45,42.4,25.05,33.725,10,6262.5,549.25,5713.25,Thu,1007382.799,Win
300,2019-01-15 00:00:00,193.1,176.4,16.7,96.55,10,4175,1847.5,2327.5,Tue,1009710.299,Win
301,2019-01-16 00:00:00,131.35,102.25,29.1,65.675,10,7275,1168,6107,Wed,1015817.299,Win
302,2019-01-17 00:00:00,34.55,4.45,30.1,17.275,10,7525,195,7330,Thu,1023147.299,Win
303,2019-01-22 00:00:00,214.1,199.65,14.45,107.05,9,3251.25,1861.875,1389.375,Tue,1024536.674,Win
304,2019-01-23 00:00:00,141.95,141.5335312,0.416468804,70.975,10,104.117201,1417.417656,-1313.300455,Wed,1023223.373,Loss
305,2019-01-24 00:00:00,55.65,4,51.65,27.825,10,12912.5,298.25,12614.25,Thu,1035837.623,Win
306,2019-01-29 00:00:00,295.9,264.337537,31.56246301,147.95,6,4734.369451,1680.712611,3053.65684,Tue,1038891.28,Win
307,2019-01-30 00:00:00,171.05,212.9997955,-41.94979548,85.525,10,-10487.44887,1920.248977,-12407.69785,Wed,1026483.582,Loss
308,2019-01-31 00:00:00,58.45,75.04468459,-16.59468459,29.225,10,-4148.671147,667.4734229,-4816.14457,Thu,1021667.438,Loss
309,2019-02-05 00:00:00,250.5,222.65,27.85,125.25,7,4873.75,1656.025,3217.725,Tue,1024885.163,Win
310,2019-02-06 00:00:00,192.4,162.5,29.9,96.2,10,7475,1774.5,5700.5,Wed,1030585.663,Win
311,2019-02-07 00:00:00,124.7,1.9,122.8,62.35,10,30700,633,30067,Thu,1060652.663,Win
312,2019-02-12 00:00:00,183.6,166.931968,16.66803202,91.8,10,4167.008006,1752.65984,2414.348166,Tue,1063067.011,Win
313,2019-02-13 00:00:00,141.2,98.1,43.1,70.6,10,10775,1196.5,9578.5,Wed,1072645.511,Win
314,2019-02-14 00:00:00,49.8,5.3,44.5,24.9,10,11125,275.5,10849.5,Thu,1083495.011,Win
315,2019-02-19 00:00:00,229.3,224.9,4.4,114.65,8,880,1816.8,-936.8,Tue,1082558.211,Loss
316,2019-02-20 00:00:00,146.5,117.3,29.2,73.25,10,7300,1319,5981,Wed,1088539.211,Win
317,2019-02-21 00:00:00,56.8,7.5,49.3,28.4,10,12325,321.5,12003.5,Thu,1100542.711,Win
318,2019-02-26 00:00:00,280.25,273.6434278,6.606572221,140.125,7,1156.150139,1938.626997,-782.4768586,Tue,1099760.234,Loss
319,2019-02-27 00:00:00,140.75,121.7225503,19.02744971,70.375,10,4756.862428,1312.362751,3444.499677,Wed,1103204.734,Win
320,2019-02-28 00:00:00,70.4,5.75,64.65,35.2,10,16162.5,380.75,15781.75,Thu,1118986.484,Win
321,2019-03-05 00:00:00,195.25,166.736039,28.51396095,97.625,10,7128.490238,1809.930195,5318.560043,Tue,1124305.044,Win
322,2019-03-06 00:00:00,138.85,94.55,44.3,69.425,10,11075,1167,9908,Wed,1134213.044,Win
323,2019-03-07 00:00:00,34.85,69.36162154,-34.51162154,17.425,10,-8627.905385,521.0581077,-9148.963493,Thu,1125064.08,Loss
324,2019-03-12 00:00:00,179.1,229.7401463,-50.64014631,89.55,10,-12660.03658,2044.200732,-14704.23731,Tue,1110359.843,Loss
325,2019-03-13 00:00:00,188.85,168.573456,20.27654404,94.425,10,5069.136011,1787.11728,3282.018731,Wed,1113641.862,Win
326,2019-03-14 00:00:00,83.65,4.45,79.2,41.825,10,19800,440.5,19359.5,Thu,1133001.362,Win
327,2019-03-19 00:00:00,246.4,238.1466162,8.253383774,123.2,8,1650.676755,1938.186465,-287.50971,Tue,1132713.852,Loss
328,2019-03-20 00:00:00,58.25,34.4,23.85,29.125,10,5962.5,463.25,5499.25,Wed,1138213.102,Win
329,2019-03-26 00:00:00,223.85,218.9407298,4.909270219,111.925,8,981.8540437,1771.162919,-789.3088754,Tue,1137423.793,Loss
330,2019-03-27 00:00:00,230.7,236.7911732,-6.091173226,115.35,8,-1218.234645,1869.964693,-3088.199338,Wed,1134335.594,Loss
331,2019-03-28 00:00:00,90.45,115.4721535,-25.02215351,45.225,10,-6255.538377,1029.610768,-7285.149144,Thu,1127050.445,Loss
332,2019-04-02 00:00:00,390.95,345.4,45.55,195.475,5,5693.75,1840.875,3852.875,Tue,1130903.32,Win
333,2019-04-03 00:00:00,266.25,229.0005138,37.24948625,133.125,7,6518.660093,1733.376798,4785.283295,Wed,1135688.603,Win
334,2019-04-04 00:00:00,162.25,138.2751382,23.97486182,81.125,10,5993.715456,1502.625691,4491.089765,Thu,1140179.693,Win
335,2019-04-09 00:00:00,291.7,299.6687527,-7.968752682,145.85,6,-1195.312902,1774.106258,-2969.41916,Tue,1137210.274,Loss
336,2019-04-10 00:00:00,244.9,221.0053075,23.89469252,122.45,8,4778.938504,1863.62123,2915.317274,Wed,1140125.591,Win
337,2019-04-11 00:00:00,84.65,4.3,80.35,42.325,10,20087.5,444.75,19642.75,Thu,1159768.341,Win
338,2019-04-16 00:00:00,188.25,185.7826649,2.467335076,94.125,10,616.833769,1870.163325,-1253.329556,Tue,1158515.011,Loss
339,2019-04-18 00:00:00,70.4,2.1,68.3,35.2,10,17075,362.5,16712.5,Thu,1175227.511,Win
340,2019-04-23 00:00:00,288.95,253.1275752,35.8224248,144.475,6,5373.36372,1626.232726,3747.130995,Tue,1178974.642,Win
341,2019-04-24 00:00:00,200.65,213.6152369,-12.96523685,100.325,9,-2917.178292,1864.193566,-4781.371858,Wed,1174193.271,Loss
342,2019-04-25 00:00:00,88.45,38.1,50.35,44.225,10,12587.5,632.75,11954.75,Thu,1186148.021,Win
343,2019-04-30 00:00:00,271.3,218.3,53,135.65,7,9275,1713.6,7561.4,Tue,1193709.421,Win
344,2019-05-14 00:00:00,347.1,345.0355535,2.064446542,173.55,5,258.0558178,1730.338884,-1472.283066,Tue,1192237.137,Loss
345,2019-05-15 00:00:00,231.3,194.1917358,37.10826424,115.65,8,7421.652848,1701.966943,5719.685905,Wed,1197956.823,Win
346,2019-05-16 00:00:00,106.2,111.7128362,-5.512836232,53.1,10,-1378.209058,1089.564181,-2467.773239,Thu,1195489.05,Loss
347,2019-05-21 00:00:00,1151.9,1013.615988,138.2840118,575.95,2,6914.20059,2165.515988,4748.684602,Tue,1200237.735,Win
348,2019-05-22 00:00:00,1279.45,1222.45,57,639.725,2,2850,2501.9,348.1,Wed,1200585.835,Win
349,2019-05-23 00:00:00,380.1,231.8774809,148.2225191,190.05,5,18527.81488,1529.943702,16997.87118,Thu,1217583.706,Win
350,2019-06-04 00:00:00,294.75,218.9,75.85,147.375,6,11377.5,1540.95,9836.55,Tue,1227420.256,Win
351,2019-06-06 00:00:00,150.15,177.1771259,-27.02712588,75.075,10,-6756.781471,1636.635629,-8393.4171,Thu,1219026.839,Loss
352,2019-06-11 00:00:00,301.85,287.3,14.55,150.925,6,2182.5,1767.45,415.05,Tue,1219441.889,Win
353,2019-06-12 00:00:00,202.7,132.55,70.15,101.35,9,15783.75,1508.625,14275.125,Wed,1233717.014,Win
354,2019-06-13 00:00:00,87.9,36.2,51.7,43.95,10,12925,620.5,12304.5,Thu,1246021.514,Win
355,2019-06-18 00:00:00,277.65,287.15,-9.5,138.825,7,-1662.5,1976.8,-3639.3,Tue,1242382.214,Loss
356,2019-06-19 00:00:00,187.35,208.6599455,-21.30994552,93.675,10,-5327.486379,1980.049728,-7307.536107,Wed,1235074.678,Loss
357,2019-06-20 00:00:00,93.2,114.8272787,-21.62727866,46.6,10,-5406.819666,1040.136393,-6446.956059,Thu,1228627.722,Loss
358,2019-06-25 00:00:00,288.5,270.1650126,18.33498744,144.25,6,2750.248116,1675.995038,1074.253078,Tue,1229701.975,Win
359,2019-06-26 00:00:00,199.1,183.8566335,15.24336648,99.55,10,3810.841619,1914.783168,1896.058451,Wed,1231598.033,Win
360,2019-06-27 00:00:00,103.7,15.35,88.35,51.85,10,22087.5,595.25,21492.25,Thu,1253090.283,Win
361,2019-07-02 00:00:00,264,233.45,30.55,132,7,5346.25,1741.075,3605.175,Tue,1256695.458,Win
362,2019-07-03 00:00:00,191.5,158.8,32.7,95.75,10,8175,1751.5,6423.5,Wed,1263118.958,Win
363,2019-07-04 00:00:00,86.2,19.45,66.75,43.1,10,16687.5,528.25,16159.25,Thu,1279278.208,Win
364,2019-07-09 00:00:00,282.4,280.4222078,1.97779217,141.2,7,346.1136298,1969.877727,-1623.764098,Tue,1277654.444,Loss
365,2019-07-10 00:00:00,169.35,168.6898885,0.660111469,84.675,10,165.0278673,1690.199443,-1525.171575,Wed,1276129.272,Loss
366,2019-07-11 00:00:00,68.3,38.4,29.9,34.15,10,7475,533.5,6941.5,Thu,1283070.772,Win
367,2019-07-16 00:00:00,208.15,182.5,25.65,104.075,9,5771.25,1757.925,4013.325,Tue,1287084.097,Win
368,2019-07-17 00:00:00,130.85,99.65,31.2,65.425,10,7800,1152.5,6647.5,Wed,1293731.597,Win
369,2019-07-18 00:00:00,49.8,88.83157112,-39.03157112,24.9,10,-9757.892779,693.1578556,-10451.05064,Thu,1283280.547,Loss
370,2019-07-23 00:00:00,250.3,240.7776284,9.522371571,125.15,7,1666.415025,1718.7717,-52.35667452,Tue,1283228.19,Loss
371,2019-07-24 00:00:00,184.35,126.45,57.9,92.175,10,14475,1554,12921,Wed,1296149.19,Win
372,2019-07-25 00:00:00,78.3,122.0695671,-43.76956714,39.15,10,-10942.39178,1001.847836,-11944.23962,Thu,1284204.951,Loss
373,2019-07-31 00:00:00,227.75,218.6250154,9.124984628,113.875,8,1824.996926,1785.500061,39.4968642,Wed,1284244.447,Win
374,2019-08-01 00:00:00,89.7,97.38473454,-7.684734541,44.85,10,-1921.183635,935.4236727,-2856.607308,Thu,1281387.84,Loss
375,2019-08-06 00:00:00,445.6,418.0777855,27.52221453,222.8,4,2752.221453,1727.355571,1024.865882,Tue,1282412.706,Win
376,2019-08-07 00:00:00,317,228.4,88.6,158.5,6,13290,1636.2,11653.8,Wed,1294066.506,Win
377,2019-08-08 00:00:00,123.85,246.0480435,-122.1980435,61.925,10,-30549.51089,1849.490218,-32399.0011,Thu,1261667.505,Loss
378,2019-08-13 00:00:00,221.7,193.8417457,27.85825433,110.85,9,6268.107225,1869.937855,4398.16937,Tue,1266065.674,Win
379,2019-08-14 00:00:00,144.75,39.25,105.5,72.375,10,26375,920,25455,Wed,1291520.674,Win
380,2019-08-20 00:00:00,341.05,294.15,46.9,170.525,5,5862.5,1588,4274.5,Tue,1295795.174,Win
381,2019-08-21 00:00:00,238.05,227.0147122,11.03528782,119.025,8,2207.057565,1860.258849,346.7987159,Wed,1296141.973,Win
382,2019-08-22 00:00:00,117.7,155.7482742,-38.04827416,58.85,10,-9512.068541,1367.241371,-10879.30991,Thu,1285262.663,Loss
383,2019-08-27 00:00:00,443.85,493.4058987,-49.55589872,221.925,4,-4955.589872,1874.511797,-6830.10167,Tue,1278432.561,Loss
384,2019-08-28 00:00:00,275.65,277.1101883,-1.460188292,137.825,7,-255.5329511,1934.660659,-2190.19361,Wed,1276242.368,Loss
385,2019-08-29 00:00:00,150.5,166.2062966,-15.70629661,75.25,10,-3926.574152,1583.531483,-5510.105635,Thu,1270732.262,Loss
386,2019-09-03 00:00:00,416,362.3,53.7,208,4,5370,1556.6,3813.4,Tue,1274545.662,Win
387,2019-09-04 00:00:00,284.95,287.1794824,-2.229482371,142.475,7,-390.1594149,2002.453188,-2392.612603,Wed,1272153.05,Loss
388,2019-09-05 00:00:00,152.05,167.7874928,-15.73749281,76.025,10,-3934.373203,1599.187464,-5533.560667,Thu,1266619.489,Loss
389,2019-09-11 00:00:00,212.45,161.95,50.5,106.225,9,11362.5,1684.8,9677.7,Wed,1276297.189,Win
390,2019-09-12 00:00:00,90.6,26.55,64.05,45.3,10,16012.5,585.75,15426.75,Thu,1291723.939,Win
391,2019-09-17 00:00:00,327.5,275.4037257,52.09627426,163.75,6,7814.441139,1808.711177,6005.729962,Tue,1297729.669,Win
392,2019-09-18 00:00:00,279.9,221.9,58,139.95,7,10150,1756.3,8393.7,Wed,1306123.369,Win
393,2019-09-19 00:00:00,133.1,113.25,19.85,66.55,10,4962.5,1231.75,3730.75,Thu,1309854.119,Win
394,2019-09-24 00:00:00,734.3,843.6643799,-109.3643799,367.15,2,-5468.218996,1577.96438,-7046.183376,Tue,1302807.935,Loss
395,2019-09-25 00:00:00,349.75,459.8597544,-110.1097544,174.875,5,-13763.7193,2024.024386,-15787.74369,Wed,1287020.192,Loss
396,2019-09-26 00:00:00,323.65,272.5864243,51.06357568,161.825,6,7659.536351,1788.709273,5870.827078,Thu,1292891.019,Win
397,2019-10-01 00:00:00,474.15,614.2014395,-140.0514395,237.075,4,-14005.14395,2176.702879,-16181.84683,Tue,1276709.172,Loss
398,2019-10-03 00:00:00,329.9,40.85,289.05,164.95,6,43357.5,1112.25,42245.25,Thu,1318954.422,Win
399,2019-10-09 00:00:00,429.1,376.2115798,52.88842023,214.55,4,5288.842023,1610.62316,3678.218863,Wed,1322632.641,Win
400,2019-10-10 00:00:00,215.85,246.3,-30.45,107.925,9,-6851.25,2079.675,-8930.925,Thu,1313701.716,Loss
401,2019-10-15 00:00:00,577.75,580.7639783,-3.013978311,288.875,3,-226.0483733,1737.770967,-1963.819341,Tue,1311737.897,Loss
402,2019-10-16 00:00:00,403.85,429.8718749,-26.0218749,201.925,4,-2602.18749,1667.44375,-4269.63124,Wed,1307468.265,Loss
403,2019-10-17 00:00:00,164.25,210.6011398,-46.35113981,82.125,10,-11587.78495,1874.255699,-13462.04065,Thu,1294006.225,Loss
404,2019-10-22 00:00:00,559.05,588.6309075,-29.58090751,279.525,3,-2218.568063,1721.521361,-3940.089424,Tue,1290066.135,Loss
405,2019-10-23 00:00:00,367,272.25,94.75,183.5,5,11843.75,1598.125,10245.625,Wed,1300311.76,Win
406,2019-10-24 00:00:00,209.55,234.0233275,-24.47332746,104.775,9,-5506.498679,1996.079974,-7502.578653,Thu,1292809.182,Loss
407,2019-10-29 00:00:00,409.7,412.1911594,-2.491159387,204.85,4,-249.1159387,1643.782319,-1892.898257,Tue,1290916.283,Loss
408,2019-10-30 00:00:00,332.7,252.45,80.25,166.35,6,12037.5,1755.45,10282.05,Wed,1301198.333,Win
409,2019-10-31 00:00:00,172.3,10.15,162.15,86.15,10,40537.5,912.25,39625.25,Thu,1340823.583,Win
410,2019-11-05 00:00:00,396.2,385.0591748,11.14082516,198.1,5,1392.603145,1953.147937,-560.5447922,Tue,1340263.039,Loss
411,2019-11-07 00:00:00,147.15,12.6,134.55,73.575,10,33637.5,798.75,32838.75,Thu,1373101.789,Win
412,2019-11-13 00:00:00,329.65,272.3937513,57.25624875,164.825,6,8588.437312,1806.131254,6782.306058,Wed,1379884.095,Win
413,2019-11-14 00:00:00,140.5,162.2213252,-21.72132523,70.25,10,-5430.331306,1513.606626,-6943.937933,Thu,1372940.157,Loss
414,2019-11-19 00:00:00,395.1,382.042311,13.05768897,197.55,5,1632.211122,1942.855778,-310.644656,Tue,1372629.512,Loss
415,2019-11-20 00:00:00,272.65,213.6,59.05,136.325,7,10333.75,1701.875,8631.875,Wed,1381261.387,Win
416,2019-11-21 00:00:00,124.6,11.35,113.25,62.3,10,28312.5,679.75,27632.75,Thu,1408894.137,Win
417,2019-11-26 00:00:00,289,320.4392853,-31.43928533,144.5,6,-4715.892799,1828.317856,-6544.210655,Tue,1402349.926,Loss
418,2019-11-27 00:00:00,215.25,170.25,45,107.625,9,10125,1734.75,8390.25,Wed,1410740.176,Win
419,2019-11-28 00:00:00,95.95,24.5,71.45,47.975,10,17862.5,602.25,17260.25,Thu,1428000.426,Win
420,2019-12-03 00:00:00,282.9,275.9128685,6.987131477,141.45,7,1222.748008,1955.84504,-733.0970314,Tue,1427267.329,Loss
421,2019-12-04 00:00:00,229.6,285.9007911,-56.30079111,114.8,8,-11260.15822,2062.003164,-13322.16139,Wed,1413945.168,Loss
422,2019-12-05 00:00:00,170.75,132.7829444,37.96705562,85.375,10,9491.763905,1517.664722,7974.099183,Thu,1421919.267,Win
423,2019-12-10 00:00:00,313.15,297.8,15.35,156.575,6,2302.5,1832.85,469.65,Tue,1422388.917,Win
424,2019-12-11 00:00:00,234.75,211.5921041,23.15789587,117.375,8,4631.579173,1785.368417,2846.210757,Wed,1425235.128,Win
425,2019-12-12 00:00:00,92.7,106.2107011,-13.51070106,46.35,10,-3377.675266,994.5535053,-4372.228771,Thu,1420862.899,Loss
426,2019-12-17 00:00:00,274.4,240.1,34.3,137.2,7,6002.5,1800.75,4201.75,Tue,1425064.649,Win
427,2019-12-18 00:00:00,192.25,210.8007653,-18.55076526,96.125,10,-4637.691315,2015.253826,-6652.945141,Wed,1418411.704,Loss
428,2019-12-19 00:00:00,72.55,110.336913,-37.78691304,36.275,10,-9446.728261,914.4345652,-10361.16283,Thu,1408050.541,Loss
429,2019-12-24 00:00:00,144.2,115.75,28.45,72.1,10,7112.5,1299.75,5812.75,Tue,1413863.291,Win
430,2019-12-26 00:00:00,44.5,93.5176282,-49.0176282,22.25,10,-12254.40705,690.088141,-12944.49519,Thu,1400918.796,Loss
431,2020-01-01 00:00:00,145.4,122.65,22.75,72.7,10,5687.5,1340.25,4347.25,Wed,1405266.046,Win
432,2020-01-02 00:00:00,54.35,79.909936,-25.559936,27.175,10,-6389.983999,671.29968,-7061.283679,Thu,1398204.762,Loss
433,2020-01-07 00:00:00,300,261.1176289,38.88237111,150,6,5832.355666,1683.352887,4149.002779,Tue,1402353.765,Win
434,2020-01-08 00:00:00,372.25,432.262815,-60.01281501,186.125,5,-7501.601876,2011.282038,-9512.883914,Wed,1392840.881,Loss
435,2020-01-09 00:00:00,86.85,100.3067346,-13.45673465,43.425,10,-3364.183662,935.7836732,-4299.967335,Thu,1388540.914,Loss
436,2020-01-14 00:00:00,337.1,296.45,40.65,168.55,5,5081.25,1583.875,3497.375,Tue,1392038.289,Win
437,2020-01-15 00:00:00,210.7,170.45,40.25,105.35,9,9056.25,1715.175,7341.075,Wed,1399379.364,Win
438,2020-01-16 00:00:00,65.35,5.35,60,32.675,10,15000,353.5,14646.5,Thu,1414025.864,Win
439,2020-01-21 00:00:00,354.6,307.25,47.35,177.3,5,5918.75,1654.625,4264.125,Tue,1418289.989,Win
440,2020-01-22 00:00:00,237.2,180.5,56.7,118.6,8,11340,1670.8,9669.2,Wed,1427959.189,Win
441,2020-01-23 00:00:00,84.65,132.5630445,-47.91304451,42.325,10,-11978.26113,1086.065223,-13064.32635,Thu,1414894.862,Loss
442,2020-01-28 00:00:00,344.95,418.6157222,-73.66572219,172.475,5,-9208.215274,1908.914305,-11117.12958,Tue,1403777.733,Loss
443,2020-01-29 00:00:00,230.3,183.4,46.9,115.15,8,9380,1654.8,7725.2,Wed,1411502.933,Win
444,2020-01-30 00:00:00,100.15,4.45,95.7,50.075,10,23925,523,23402,Thu,1434904.933,Win
445,2020-02-04 00:00:00,273.15,248.1940434,24.95595656,136.575,7,4367.292398,1824.704152,2542.588246,Tue,1437447.521,Win
446,2020-02-05 00:00:00,197.05,283.1899909,-86.13999089,98.525,10,-21534.99772,2401.199954,-23936.19768,Wed,1413511.323,Loss
447,2020-02-06 00:00:00,164.25,179.3113801,-15.06138008,82.125,10,-3765.34502,1717.8069,-5483.15192,Thu,1408028.171,Loss
448,2020-02-11 00:00:00,269.85,236.4,33.45,134.925,7,5853.75,1771.875,4081.875,Tue,1412110.046,Win
449,2020-02-12 00:00:00,156.35,131.25,25.1,78.175,10,6275,1438,4837,Wed,1416947.046,Win
450,2020-02-13 00:00:00,65.3,16.9,48.4,32.65,10,12100,411,11689,Thu,1428636.046,Win
451,2020-02-18 00:00:00,277.45,246.7,30.75,138.725,7,5381.25,1834.525,3546.725,Tue,1432182.771,Win
452,2020-02-19 00:00:00,193.5,244.4429529,-50.94295289,96.75,10,-12735.73822,2189.714764,-14925.45299,Wed,1417257.319,Loss
453,2020-02-20 00:00:00,69.85,3.75,66.1,34.925,10,16525,368,16157,Thu,1433414.319,Win
454,2020-02-25 00:00:00,339.45,311.1,28.35,169.725,5,3543.75,1626.375,1917.375,Tue,1435331.694,Win
455,2020-02-26 00:00:00,240.55,308.013244,-67.46324405,120.275,8,-13492.64881,2194.252976,-15686.90179,Wed,1419644.792,Loss
456,2020-02-27 00:00:00,121.05,156.9754914,-35.9254914,60.525,10,-8981.372849,1390.127457,-10371.50031,Thu,1409273.291,Loss
457,2020-03-03 00:00:00,567.3,649.1604741,-81.86047405,283.65,3,-6139.535554,1824.690711,-7964.226265,Tue,1401309.065,Loss
458,2020-03-04 00:00:00,430.3,358.629227,71.67077305,215.15,4,7167.077305,1577.858454,5589.218851,Wed,1406898.284,Win
459,2020-03-05 00:00:00,171.65,165.5667062,6.083293812,85.825,10,1520.823453,1686.083531,-165.260078,Thu,1406733.024,Loss
460,2020-03-11 00:00:00,642.8,557.0131477,85.78685226,321.4,3,6434.013919,1799.719722,4634.294198,Wed,1411367.318,Win
461,2020-03-12 00:00:00,297.35,250.2438419,47.10615811,148.675,6,7065.923717,1642.781526,5423.142191,Thu,1416790.46,Win
462,2020-03-17 00:00:00,1809.5,1384.26256,425.2374404,904.75,2,21261.87202,3193.76256,18068.10946,Tue,1434858.57,Win
463,2020-03-18 00:00:00,1088.2,888.2485091,199.9514909,544.1,2,9997.574545,1976.448509,8021.126036,Wed,1442879.696,Win
464,2020-03-19 00:00:00,830.85,653.9082595,176.9417405,415.425,2,8847.087024,1484.75826,7362.328765,Thu,1450242.025,Win
465,2020-03-24 00:00:00,2200,2198.073186,1.926813938,1100,2,96.3406969,4398.073186,-4301.732489,Tue,1445940.292,Loss
466,2020-03-25 00:00:00,1460.65,1233.139964,227.5100365,730.325,2,11375.50182,2693.789964,8681.71186,Wed,1454622.004,Win
467,2020-03-26 00:00:00,744.65,843.8651991,-99.21519909,372.325,2,-4960.759954,1588.515199,-6549.275153,Thu,1448072.729,Loss
468,2020-03-31 00:00:00,869.9,692.4,177.5,434.95,2,8875,1562.3,7312.7,Tue,1455385.429,Win
469,2020-04-01 00:00:00,304.6,178.65,125.95,152.3,6,18892.5,1449.75,17442.75,Wed,1472828.179,Win
470,2020-04-07 00:00:00,716.35,843.9035394,-127.5535394,358.175,2,-6377.676972,1560.253539,-7937.930512,Tue,1464890.248,Loss
471,2020-04-08 00:00:00,956.9,870.8054354,86.09456457,478.45,2,4304.728228,1827.705435,2477.022793,Wed,1467367.271,Win
472,2020-04-09 00:00:00,469.1,603.9062255,-134.8062255,234.55,4,-13480.62255,2146.012451,-15626.635,Thu,1451740.636,Loss
473,2020-04-15 00:00:00,760.1,710.3722313,49.72776869,380.05,2,2486.388435,1470.472231,1015.916203,Wed,1452756.552,Win
474,2020-04-16 00:00:00,328.75,237.75,91,164.375,6,13650,1699.5,11950.5,Thu,1464707.052,Win
475,2020-04-21 00:00:00,843.35,923.297325,-79.94732498,421.675,2,-3997.366249,1766.647325,-5764.013574,Tue,1458943.039,Loss
476,2020-04-22 00:00:00,656.15,561.3206675,94.82933254,328.075,3,7112.19994,1826.206001,5285.993939,Wed,1464229.033,Win
477,2020-04-23 00:00:00,238.4,238.95,-0.55,119.2,8,-110,1909.4,-2019.4,Thu,1462209.633,Loss
478,2020-04-28 00:00:00,606.9,581.4,25.5,303.45,3,1912.5,1782.45,130.05,Tue,1462339.683,Win
479,2020-04-29 00:00:00,404.85,415.0456869,-10.19568691,202.425,4,-1019.568691,1639.791374,-2659.360065,Wed,1459680.323,Loss
480,2020-04-30 00:00:00,238.1,289.8334734,-51.7334734,119.05,8,-10346.69468,2111.733894,-12458.42857,Thu,1447221.894,Loss
481,2020-05-05 00:00:00,911.2,815.2864726,95.91352744,455.6,2,4795.676372,1726.486473,3069.189899,Tue,1450291.084,Win
482,2020-05-06 00:00:00,661.3,693.6887086,-32.38870859,330.65,3,-2429.153144,2032.483063,-4461.636207,Wed,1445829.448,Loss
483,2020-05-07 00:00:00,251.2,20.35,230.85,125.6,7,40398.75,950.425,39448.325,Thu,1485277.773,Win
484,2020-05-12 00:00:00,645.25,571.0326019,74.21739813,322.625,3,5566.30486,1824.423903,3741.880957,Tue,1489019.654,Win
485,2020-05-13 00:00:00,674,817.7136875,-143.7136875,337,2,-7185.684376,1491.713688,-8677.398064,Wed,1480342.256,Loss
486,2020-05-14 00:00:00,183.55,20.15,163.4,91.775,10,40850,1018.5,39831.5,Thu,1520173.756,Win
487,2020-05-19 00:00:00,701.35,619.2252423,82.12475767,350.675,2,4106.237884,1320.575242,2785.662641,Tue,1522959.418,Win
488,2020-05-20 00:00:00,455.35,477.2695919,-21.91959194,227.675,4,-2191.959194,1865.239184,-4057.198377,Wed,1518902.22,Loss
489,2020-05-21 00:00:00,115.3,221.9463237,-106.6463237,57.65,10,-26661.58093,1686.231619,-28347.81255,Thu,1490554.407,Loss
490,2020-05-26 00:00:00,510.85,555.2944069,-44.44440693,255.425,3,-3333.33052,1599.21661,-4932.54713,Tue,1485621.86,Loss
491,2020-05-27 00:00:00,354,312.4012024,41.59879761,177,5,5199.849701,1666.003006,3533.846695,Wed,1489155.707,Win
492,2020-05-28 00:00:00,190.8,248.9054713,-58.10547131,95.4,10,-14526.36783,2198.527357,-16724.89518,Thu,1472430.812,Loss
493,2020-06-02 00:00:00,635.2,549.3003272,85.89967283,317.6,3,6442.475463,1776.750491,4665.724972,Tue,1477096.537,Win
494,2020-06-03 00:00:00,459.45,532.5926756,-73.14267561,229.725,4,-7314.267561,1984.085351,-9298.352912,Wed,1467798.184,Loss
495,2020-06-09 00:00:00,758.65,632.4209481,126.2290519,379.325,2,6311.452595,1391.070948,4920.381647,Tue,1472718.565,Win
496,2020-06-10 00:00:00,552.65,434.95,117.7,276.325,3,8827.5,1481.4,7346.1,Wed,1480064.665,Win
497,2020-06-11 00:00:00,288.95,269.2824718,19.66752821,144.475,6,2950.129232,1674.697415,1275.431817,Thu,1481340.097,Win
498,2020-06-16 00:00:00,685.35,762.8719265,-77.52192654,342.675,2,-3876.096327,1448.221927,-5324.318254,Tue,1476015.779,Loss
499,2020-06-17 00:00:00,683.55,704.173426,-20.62342601,341.775,2,-1031.1713,1387.723426,-2418.894726,Wed,1473596.884,Loss
500,2020-06-18 00:00:00,227.05,264.467743,-37.41774296,113.525,8,-7483.548593,1966.070972,-9449.619565,Thu,1464147.265,Loss
501,2020-06-23 00:00:00,712.55,654.8287583,57.72124171,356.275,2,2886.062086,1367.378758,1518.683327,Tue,1465665.948,Win
502,2020-06-24 00:00:00,566.45,469.1755213,97.27447868,283.225,3,7295.585901,1553.438282,5742.147619,Wed,1471408.096,Win
503,2020-06-25 00:00:00,294.5,49.9,244.6,147.25,6,36690,1033.2,35656.8,Thu,1507064.896,Win
504,2020-06-30 00:00:00,680.7,729.246421,-48.54642102,340.35,2,-2427.321051,1409.946421,-3837.267472,Tue,1503227.628,Loss
505,2020-07-01 00:00:00,499.1,456.5690889,42.5309111,249.55,4,4253.09111,1911.338178,2341.752932,Wed,1505569.381,Win
506,2020-07-02 00:00:00,238.6,29.4,209.2,119.3,8,41840,1072,40768,Thu,1546337.381,Win
507,2020-07-07 00:00:00,504.65,479.1542102,25.49578982,252.325,3,1912.184236,1475.706315,436.477921,Tue,1546773.859,Win
508,2020-07-08 00:00:00,449,557.6776754,-108.6776754,224.5,4,-10867.76754,2013.355351,-12881.12289,Wed,1533892.736,Loss
509,2020-07-09 00:00:00,185.75,14.5,171.25,92.875,10,42812.5,1001.25,41811.25,Thu,1575703.986,Win
510,2020-07-14 00:00:00,547.05,529.5786738,17.47132619,273.525,3,1310.349464,1614.943011,-304.5935464,Tue,1575399.393,Loss
511,2020-07-15 00:00:00,404.35,340.7165504,63.63344957,202.175,4,6363.344957,1490.133101,4873.211856,Wed,1580272.604,Win
512,2020-07-16 00:00:00,155,186.3034941,-31.30349414,77.5,10,-7825.873535,1706.517471,-9532.391006,Thu,1570740.213,Loss
513,2020-07-21 00:00:00,510.2,502.4010677,7.798932332,255.1,3,584.9199249,1518.901602,-933.9816766,Tue,1569806.232,Loss
514,2020-07-22 00:00:00,398.55,324.65,73.9,199.275,5,9237.5,1808,7429.5,Wed,1577235.732,Win
515,2020-07-23 00:00:00,162.65,194.0338538,-31.38385385,81.325,10,-7845.963462,1783.419269,-9629.382731,Thu,1567606.349,Loss
516,2020-07-28 00:00:00,521.75,431.0610912,90.68890881,260.875,3,6801.668161,1429.216637,5372.451524,Tue,1572978.801,Win
517,2020-07-29 00:00:00,380.65,485.6989722,-105.0489722,190.325,5,-13131.12153,2165.872431,-15296.99396,Wed,1557681.807,Loss
518,2020-07-30 00:00:00,148.75,184.8407624,-36.09076244,74.375,10,-9022.690611,1667.953812,-10690.64442,Thu,1546991.162,Loss
519,2020-08-04 00:00:00,494.15,469.3008336,24.84916637,247.075,4,2484.916637,1926.901667,558.01497,Tue,1547549.177,Win
520,2020-08-05 00:00:00,341.9,295.0415275,46.85847246,170.95,5,5857.309057,1592.353819,4264.955239,Wed,1551814.132,Win
521,2020-08-06 00:00:00,269.6,457.1096836,-187.5096836,134.8,7,-32814.19463,2543.483893,-35357.67852,Thu,1516456.454,Loss
522,2020-08-11 00:00:00,404.05,374.6,29.45,202.025,4,2945,1557.3,1387.7,Tue,1517844.154,Win
523,2020-08-12 00:00:00,294.45,243.1,51.35,147.225,6,7702.5,1612.65,6089.85,Wed,1523934.004,Win
524,2020-08-13 00:00:00,116.3,150.9264019,-34.62640191,58.15,10,-8656.600477,1336.13201,-9992.732487,Thu,1513941.271,Loss
525,2020-08-18 00:00:00,373.35,344.6723671,28.67763289,186.675,5,3584.704111,1795.055918,1789.648193,Tue,1515730.92,Win
526,2020-08-19 00:00:00,262.85,340.5930762,-77.74307622,131.425,7,-13605.03834,2112.050767,-15717.08911,Wed,1500013.83,Loss
527,2020-08-20 00:00:00,112.6,4.7,107.9,56.3,10,26975,586.5,26388.5,Thu,1526402.33,Win
528,2020-08-25 00:00:00,348.6,420.9972064,-72.39720644,174.3,5,-9049.650805,1923.993016,-10973.64382,Tue,1515428.687,Loss
529,2020-08-26 00:00:00,284.7,212.45,72.25,142.35,7,12643.75,1740.025,10903.725,Wed,1526332.412,Win
530,2020-08-27 00:00:00,95.4,9.55,85.85,47.7,10,21462.5,524.75,20937.75,Thu,1547270.162,Win
531,2020-09-01 00:00:00,810.4,903.7043194,-93.30431943,405.2,2,-4665.215972,1714.104319,-6379.320291,Tue,1540890.841,Loss
532,2020-09-02 00:00:00,460.7,371.4474663,89.25253373,230.35,4,8925.253373,1664.294933,7260.958441,Wed,1548151.8,Win
533,2020-09-03 00:00:00,125.3,148.4838625,-23.18386248,62.65,10,-5795.96562,1368.919312,-7164.884932,Thu,1540986.915,Loss
534,2020-09-08 00:00:00,478.5,448.35,30.15,239.25,4,3015,1853.7,1161.3,Tue,1542148.215,Win
535,2020-09-09 00:00:00,338.4,273.9,64.5,169.2,5,8062.5,1530.75,6531.75,Wed,1548679.965,Win
536,2020-09-10 00:00:00,97.65,165.3973293,-67.74732934,48.825,10,-16936.83234,1315.236647,-18252.06898,Thu,1530427.896,Loss
537,2020-09-15 00:00:00,507.4,472.908841,34.49115903,253.7,3,2586.836927,1470.463261,1116.373666,Tue,1531544.269,Win
538,2020-09-16 00:00:00,336.2,306.65,29.55,168.1,5,3693.75,1607.125,2086.625,Wed,1533630.894,Win
539,2020-09-17 00:00:00,121.55,24.05,97.5,60.775,10,24375,728,23647,Thu,1557277.894,Win
540,2020-09-22 00:00:00,548.95,425.1120368,123.8379632,274.475,3,9287.847237,1461.093055,7826.754182,Tue,1565104.649,Win
541,2020-09-23 00:00:00,299.3,317.5339293,-18.23392926,149.65,6,-2735.089389,1850.501788,-4585.591177,Wed,1560519.057,Loss
542,2020-09-24 00:00:00,110.45,118.1,-7.65,55.225,10,-1912.5,1142.75,-3055.25,Thu,1557463.807,Loss
543,2020-09-29 00:00:00,404.55,358.35,46.2,202.275,4,4620,1525.8,3094.2,Tue,1560558.007,Win
544,2020-09-30 00:00:00,307.85,359.0138723,-51.16387234,153.925,6,-7674.580851,2000.591617,-9675.172468,Wed,1550882.835,Loss
545,2020-10-01 00:00:00,107.7,136.6796852,-28.97968518,53.85,10,-7244.921294,1221.898426,-8466.81972,Thu,1542416.015,Loss
546,2020-10-06 00:00:00,439.75,423.7176777,16.03232226,219.875,4,1603.232226,1726.935355,-123.7031296,Tue,1542292.312,Loss
547,2020-10-07 00:00:00,331.35,265.85,65.5,165.675,6,9825,1791.6,8033.4,Wed,1550325.712,Win
548,2020-10-08 00:00:00,128.3,33.7,94.6,64.15,10,23650,810,22840,Thu,1573165.712,Win
549,2020-10-13 00:00:00,568.1,669.7355932,-101.6355932,284.05,3,-7622.66949,1856.75339,-9479.42288,Tue,1563686.289,Loss
550,2020-10-14 00:00:00,410.85,374.2660533,36.58394669,205.425,4,3658.394669,1570.232107,2088.162563,Wed,1565774.452,Win
551,2020-10-15 00:00:00,135.3,174.7940393,-39.49403927,67.65,10,-9873.509819,1550.470196,-11423.98001,Thu,1554350.472,Loss
552,2020-10-20 00:00:00,550.55,571.4030144,-20.85301442,275.275,3,-1563.976081,1682.929522,-3246.905603,Tue,1551103.566,Loss
553,2020-10-21 00:00:00,379.05,375.0833872,3.966612815,189.525,5,495.8266019,1885.333468,-1389.506866,Wed,1549714.059,Loss
554,2020-10-22 00:00:00,256.05,30.2,225.85,128.025,7,39523.75,1001.875,38521.875,Thu,1588235.934,Win
555,2020-10-27 00:00:00,572.2,506.5120185,65.68798145,286.1,3,4926.598609,1618.068028,3308.530581,Tue,1591544.465,Win
556,2020-10-28 00:00:00,458.8,409.5293061,49.27069391,229.4,4,4927.069391,1736.658612,3190.410779,Wed,1594734.876,Win
557,2020-10-29 00:00:00,229.8,228.6945578,1.105442193,114.9,8,221.0884386,1833.978231,-1612.889793,Thu,1593121.986,Loss
558,2020-11-03 00:00:00,810.45,789.3068357,21.14316432,405.225,2,1057.158216,1599.756836,-542.5986195,Tue,1592579.387,Loss
559,2020-11-04 00:00:00,638.1,749.2052072,-111.1052072,319.05,3,-8332.890539,2080.957811,-10413.84835,Wed,1582165.539,Loss
560,2020-11-05 00:00:00,198.75,16.2,182.55,99.375,10,45637.5,1074.75,44562.75,Thu,1626728.289,Win
561,2020-11-10 00:00:00,657.15,578.6277941,78.52220593,328.575,3,5889.165444,1853.666691,4035.498753,Tue,1630763.788,Win
562,2020-11-11 00:00:00,580.6,589.9800705,-9.38007051,290.3,3,-703.5052882,1755.870106,-2459.375394,Wed,1628304.412,Loss
563,2020-11-12 00:00:00,251.3,255.6083428,-4.308342772,125.65,7,-753.9599851,1774.1792,-2528.139185,Thu,1625776.273,Loss
564,2020-11-17 00:00:00,612.7,522.35,90.35,306.35,3,6776.25,1702.575,5073.675,Tue,1630849.948,Win
565,2020-11-18 00:00:00,423.95,373.962738,49.98726195,211.975,4,4998.726195,1595.825476,3402.900719,Wed,1634252.849,Win
566,2020-11-19 00:00:00,165.4,209.2653687,-43.8653687,82.7,10,-10966.34217,1873.326843,-12839.66902,Thu,1621413.18,Loss
567,2020-11-24 00:00:00,633.15,542.2,90.95,316.575,3,6821.25,1763.025,5058.225,Tue,1626471.405,Win
568,2020-11-25 00:00:00,531.95,464.8155253,67.13447466,265.975,3,5035.0856,1495.148288,3539.937312,Wed,1630011.342,Win
569,2020-11-26 00:00:00,256.2,258.2380696,-2.038069594,128.1,7,-356.6621789,1800.533244,-2157.195423,Thu,1627854.147,Loss
570,2020-12-01 00:00:00,677.7,611.5,66.2,338.85,2,3310,1289.2,2020.8,Tue,1629874.947,Win
571,2020-12-02 00:00:00,500.75,491.7204392,9.029560825,250.375,3,677.2170618,1488.705659,-811.4885969,Wed,1629063.458,Loss
572,2020-12-03 00:00:00,218,249.0208668,-31.02086682,109,9,-6979.695035,2101.593901,-9081.288936,Thu,1619982.169,Loss
573,2020-12-08 00:00:00,571.75,470.85,100.9,285.875,3,7567.5,1563.9,6003.6,Tue,1625985.769,Win
574,2020-12-09 00:00:00,381.95,375.1118568,6.83814317,190.975,5,854.7678963,1892.654642,-1037.886746,Wed,1624947.882,Loss
575,2020-12-10 00:00:00,204.4,49.95,154.45,102.2,9,34751.25,1144.575,33606.675,Thu,1658554.557,Win
576,2020-12-15 00:00:00,515.4,466.7268466,48.67315339,257.7,3,3650.486504,1473.19027,2177.296234,Tue,1660731.854,Win
577,2020-12-16 00:00:00,356.2,391.4546283,-35.25462827,178.1,5,-4406.828534,1869.136571,-6275.965105,Wed,1654455.889,Loss
578,2020-12-17 00:00:00,170.4,143.7861286,26.61387141,85.2,10,6653.467852,1570.930643,5082.537209,Thu,1659538.426,Win
579,2020-12-22 00:00:00,628.45,712.4991768,-84.04917682,314.225,3,-6303.688262,2011.423765,-8315.112027,Tue,1651223.314,Loss
580,2020-12-23 00:00:00,326.85,248.45,78.4,163.425,6,11760,1725.9,10034.1,Wed,1661257.414,Win
581,2020-12-24 00:00:00,153.1,26.4,126.7,76.55,10,31675,897.5,30777.5,Thu,1692034.914,Win
582,2020-12-29 00:00:00,429.3,517.1214134,-87.82141339,214.65,4,-8782.141339,1892.842827,-10674.98417,Tue,1681359.93,Loss
583,2020-12-30 00:00:00,379.6,318.9,60.7,189.8,5,7587.5,1746.25,5841.25,Wed,1687201.18,Win
584,2020-12-31 00:00:00,182.55,11.8,170.75,91.275,10,42687.5,971.75,41715.75,Thu,1728916.93,Win
